t,Kazakhstan,Kyrgyz Republic,Russian Federation,Saudi Arabia,Uzbekistan
2005,0.29614422731295265,0.11031363266055828,0.16766175645580766,0.5011034077592479,0.11442007950412215
2010,0.40139636815650676,0.1766394491434911,0.17619260536033568,0.4704367818522195,0.07944383765399857
2015,0.3375234349247159,0.1933261734142099,0.1275296508893854,0.3206610698427373,0.12746454074813082
2021,0.1821693685960735,0.2523892676415015,0.09317466696128301,0.31885190645150346,0.11659965270910948
