t,Russian Federation,Kazakhstan,Kyrgyz Republic,Saudi Arabia,Uzbekistan
2005,0.16769085446993098,0.2961716645460909,0.11255756831515012,0.5011208016171046,0.12257558132956171
2010,0.17623514810800292,0.4013997922636828,0.19553013587520068,0.4704781888774098,0.08622426954059466
2015,0.12766308579423347,0.33753730029099877,0.19823950887543698,0.3207482231408649,0.1323477748572351
2021,0.09346106559246228,0.18225008818246205,0.25873975530931465,0.3189065207854776,0.12073858734609491
